sample_id,split
r0000,train
r0001,train
r0002,train
r0003,train
r0004,train
r0005,train
r0006,train
r0007,train
r0008,train
r0009,train
r0010,train
r0011,train
r0012,train
r0013,train
r0014,train
r0015,train
r0016,train
r0017,train
r0018,train
r0019,train
r0020,train
r0021,train
r0022,train
r0023,train
r0024,train
r0025,train
r0026,train
r0027,train
r0028,train
r0029,train
r0030,train
r0031,train
r0032,train
r0033,train
r0034,train
r0035,train
r0036,train
r0037,train
r0038,train
r0039,train
r0040,train
r0041,train
r0042,train
r0043,train
r0044,train
r0045,train
r0046,train
r0047,train
r0048,train
r0049,train
r0050,train
r0051,train
r0052,train
r0053,train
r0054,train
r0055,train
r0056,train
r0057,train
r0058,train
r0059,train
r0060,train
r0061,train
r0062,train
r0063,train
r0064,train
r0065,train
r0066,train
r0067,train
r0068,train
r0069,train
r0070,train
r0071,train
r0072,train
r0073,train
r0074,train
r0075,train
r0076,train
r0077,train
r0078,train
r0079,train
r0080,train
r0081,train
r0082,train
r0083,train
r0084,train
r0085,train
r0086,train
r0087,train
r0088,train
r0089,train
r0090,train
r0091,train
r0092,train
r0093,train
r0094,train
r0095,train
r0096,train
r0097,train
r0098,train
r0099,train
r0100,train
r0101,train
r0102,train
r0103,train
r0104,train
r0105,train
r0106,train
r0107,train
r0108,train
r0109,train
r0110,train
r0111,train
r0112,train
r0113,train
r0114,train
r0115,train
r0116,train
r0117,train
r0118,train
r0119,train
r0120,train
r0121,train
r0122,train
r0123,train
r0124,train
r0125,train
r0126,train
r0127,train
r0128,train
r0129,train
r0130,train
r0131,train
r0132,train
r0133,train
r0134,train
r0135,train
r0136,train
r0137,train
r0138,train
r0139,train
r0140,train
r0141,train
r0142,train
r0143,train
r0144,train
r0145,train
r0146,train
r0147,train
r0148,train
r0149,train
r0150,train
r0151,train
r0152,train
r0153,train
r0154,train
r0155,train
r0156,train
r0157,train
r0158,train
r0159,train
r0160,train
r0161,train
r0162,train
r0163,train
r0164,train
r0165,train
r0166,train
r0167,train
r0168,train
r0169,train
r0170,train
r0171,train
r0172,train
r0173,train
r0174,train
r0175,train
r0176,train
r0177,train
r0178,train
r0179,train
r0180,train
r0181,train
r0182,train
r0183,train
r0184,train
r0185,train
r0186,train
r0187,train
r0188,train
r0189,train
r0190,train
r0191,train
r0192,train
r0193,train
r0194,train
r0195,train
r0196,train
r0197,train
r0198,train
r0199,train
r0200,validation
r0201,validation
r0202,validation
r0203,validation
r0204,validation
r0205,validation
r0206,validation
r0207,validation
r0208,validation
r0209,validation
r0210,validation
r0211,validation
r0212,validation
r0213,validation
r0214,validation
r0215,validation
r0216,validation
r0217,validation
r0218,validation
r0219,validation
r0220,validation
r0221,validation
r0222,validation
r0223,validation
r0224,validation
r0225,validation
r0226,validation
r0227,validation
r0228,validation
r0229,validation
r0230,validation
r0231,validation
r0232,validation
r0233,validation
r0234,validation
r0235,validation
r0236,validation
r0237,validation
r0238,validation
r0239,validation
r0240,validation
r0241,validation
r0242,validation
r0243,validation
r0244,validation
r0245,validation
r0246,validation
r0247,validation
r0248,validation
r0249,validation
r0250,validation
r0251,validation
r0252,validation
r0253,validation
r0254,validation
r0255,validation
r0256,validation
r0257,validation
r0258,validation
r0259,validation
r0260,validation
r0261,validation
r0262,validation
r0263,validation
r0264,validation
r0265,validation
r0266,validation
r0267,validation
r0268,validation
r0269,validation
r0270,validation
r0271,validation
r0272,validation
r0273,validation
r0274,validation
r0275,validation
r0276,validation
r0277,validation
r0278,validation
r0279,validation
r0280,validation
r0281,validation
r0282,validation
r0283,validation
r0284,validation
r0285,validation
r0286,validation
r0287,validation
r0288,validation
r0289,validation
r0290,validation
r0291,validation
r0292,validation
r0293,validation
r0294,validation
r0295,validation
r0296,validation
r0297,validation
r0298,validation
r0299,validation
r0300,validation
r0301,validation
r0302,validation
r0303,validation
r0304,validation
r0305,validation
r0306,validation
r0307,validation
r0308,validation
r0309,validation
r0310,validation
r0311,validation
r0312,validation
r0313,validation
r0314,validation
r0315,validation
r0316,validation
r0317,validation
r0318,validation
r0319,validation
