sample_id,build_key
a0000,b500
a0001,b501
a0002,b502
a0003,b503
a0004,b504
a0005,b505
a0006,b506
a0007,b507
a0008,b508
a0009,b509
a0010,b510
a0011,b511
a0012,b512
a0013,b513
a0014,b514
a0015,b515
a0016,b516
a0017,b517
a0018,b518
a0019,b519
a0020,b520
a0021,b521
a0022,b522
a0023,b523
a0024,b524
a0025,b525
a0026,b526
a0027,b527
a0028,b528
a0029,b529
a0030,b530
a0031,b531
a0032,b532
a0033,b533
a0034,b534
a0035,b535
a0036,b536
a0037,b537
a0038,b538
a0039,b539
a0040,b540
a0041,b541
a0042,b542
a0043,b543
a0044,b544
a0045,b545
a0046,b546
a0047,b547
a0048,b548
a0049,b549
a0050,b550
a0051,b551
a0052,b552
a0053,b553
a0054,b554
a0055,b555
a0056,b556
a0057,b557
a0058,b558
a0059,b559
a0060,b560
a0061,b561
a0062,b562
a0063,b563
a0064,b564
a0065,b565
a0066,b566
a0067,b567
a0068,b568
a0069,b569
a0070,b570
a0071,b571
a0072,b572
a0073,b573
a0074,b574
a0075,b575
a0076,b576
a0077,b577
a0078,b578
a0079,b579
