build_key,input_key,operation
b500,r0020,micro_jitter
b501,r0021,micro_jitter
b502,r0022,micro_jitter
b503,r0023,micro_jitter
b504,r0024,micro_jitter
b505,r0025,micro_jitter
b506,r0026,micro_jitter
b507,r0027,micro_jitter
b508,r0028,micro_jitter
b509,r0029,micro_jitter
b510,r0030,micro_jitter
b511,r0031,micro_jitter
b512,r0032,micro_jitter
b513,r0033,micro_jitter
b514,r0034,micro_jitter
b515,r0035,micro_jitter
b516,r0036,micro_jitter
b517,r0037,micro_jitter
b518,r0038,micro_jitter
b519,r0039,micro_jitter
b520,r0040,micro_jitter
b521,r0041,micro_jitter
b522,r0042,micro_jitter
b523,r0043,micro_jitter
b524,r0044,micro_jitter
b525,r0045,micro_jitter
b526,r0046,micro_jitter
b527,r0047,micro_jitter
b528,r0048,micro_jitter
b529,r0049,micro_jitter
b530,r0050,micro_jitter
b531,r0051,micro_jitter
b532,r0052,micro_jitter
b533,r0053,micro_jitter
b534,r0054,micro_jitter
b535,r0055,micro_jitter
b536,r0056,micro_jitter
b537,r0057,micro_jitter
b538,r0058,micro_jitter
b539,r0059,micro_jitter
b540,r0060,micro_jitter
b541,r0061,micro_jitter
b542,r0062,micro_jitter
b543,r0063,micro_jitter
b544,r0064,micro_jitter
b545,r0065,micro_jitter
b546,r0066,micro_jitter
b547,r0067,micro_jitter
b548,r0068,micro_jitter
b549,r0069,micro_jitter
b550,r0070,micro_jitter
b551,r0071,micro_jitter
b552,r0072,micro_jitter
b553,r0073,micro_jitter
b554,r0074,micro_jitter
b555,r0075,micro_jitter
b556,r0076,micro_jitter
b557,r0077,micro_jitter
b558,r0078,micro_jitter
b559,r0079,micro_jitter
b560,r0080,micro_jitter
b561,r0081,micro_jitter
b562,r0082,micro_jitter
b563,r0083,micro_jitter
b564,r0084,micro_jitter
b565,r0085,micro_jitter
b566,r0086,micro_jitter
b567,r0087,micro_jitter
b568,r0088,micro_jitter
b569,r0089,micro_jitter
b570,r0090,micro_jitter
b571,r0091,micro_jitter
b572,r0200,micro_jitter
b573,r0201,micro_jitter
b574,r0202,micro_jitter
b575,r0203,micro_jitter
b576,r0204,micro_jitter
b577,r0205,micro_jitter
b578,r0206,micro_jitter
b579,r0207,micro_jitter
