sample_id,x0,x1,x2,x3,label
r0000,0.0439678,0.6133816,0.9209895,-0.4207492,1
r0001,0.4084397,0.3227661,-0.7796759,-0.9461264,0
r0002,0.4927904,-0.4952325,0.0032053,-0.3651298,0
r0003,0.8903878,-0.1968181,0.996894,-0.8756144,1
r0004,0.750633,-0.698169,0.4111372,0.1177837,0
r0005,-0.57998,0.0799267,0.7649122,0.2775464,1
r0006,-0.8362723,0.8795521,-0.0518031,0.9926524,1
r0007,0.6244085,0.6267562,0.83995,-0.9643314,1
r0008,-0.896662,0.5040697,-0.2907165,0.9190104,0
r0009,0.5487498,0.7355774,-0.5221069,0.1136332,1
r0010,0.0538355,-0.2805844,-0.4655993,0.5729394,0
r0011,0.2077929,0.1110929,0.1069617,-0.7410281,1
r0012,0.8330585,-0.362242,-0.3358536,0.8180815,0
r0013,-0.4548446,-0.9804733,0.5065389,-0.303992,1
r0014,-0.454994,0.266204,0.457969,-0.3804238,1
r0015,0.9735811,0.8200822,-0.9586772,0.1283696,1
r0016,-0.1939745,0.4632809,0.9196307,0.1802931,1
r0017,-0.6087037,-0.4971631,-0.698397,-0.7791844,1
r0018,0.6840486,0.0739559,0.6098715,0.8403715,1
r0019,-0.9011141,0.8519181,-0.8144156,0.5419315,0
r0020,0.3149027,-0.1926346,-0.8499659,-0.8296931,0
r0021,-0.5165914,0.0645649,-0.4695458,-0.6731818,0
r0022,0.4497336,-0.0263725,-0.2144604,-0.0270351,0
r0023,0.0313354,-0.1098821,0.9347715,0.5034644,1
r0024,-0.3635105,-0.6224011,-0.2718157,-0.943244,1
r0025,0.135778,-0.1546384,0.7868731,-0.3425073,1
r0026,0.8595142,0.1117195,0.2259509,-0.264092,1
r0027,0.5095648,-0.3933099,-0.2889686,0.1830179,0
r0028,0.0466127,-0.6158214,0.1514056,0.407894,1
r0029,-0.1012396,-0.1088845,0.008515,0.0725064,1
r0030,-0.9757999,-0.4731453,0.9756144,0.6526405,1
r0031,0.5039559,-0.5775021,-0.4656572,0.0352588,0
r0032,-0.9448716,-0.0565756,0.8121687,0.224515,1
r0033,-0.8026248,0.8172032,0.6747958,-0.947683,0
r0034,0.5185592,-0.5558947,0.2986046,0.7010083,0
r0035,-0.1437832,-0.8833073,0.0783442,-0.6238402,1
r0036,-0.46113,-0.3053723,0.0874646,0.6391715,1
r0037,-0.1889406,-0.9850889,0.5003181,-0.3214766,1
r0038,0.6611469,-0.9329486,0.4616651,-0.4303419,0
r0039,-0.3315055,0.0767606,-0.5134853,-0.0110636,0
r0040,-0.7507316,-0.5000464,0.3618774,-0.3789656,1
r0041,-0.2688541,-0.5727412,0.968967,0.5744773,0
r0042,-0.4123701,-0.1282131,0.0561503,-0.223122,1
r0043,0.5202577,-0.6917017,0.1184424,-0.6710643,0
r0044,-0.3658007,0.6063349,0.7620203,0.9133845,0
r0045,0.2334691,-0.6627385,0.423243,0.5560444,0
r0046,-0.3566168,0.5161373,0.5006985,0.5986174,0
r0047,-0.5147968,-0.498711,-0.6179601,-0.9859737,0
r0048,-0.0145732,-0.1389103,0.7793618,-0.2435674,1
r0049,0.8617234,-0.8543675,-0.3204593,0.5272319,0
r0050,0.92791,0.4869934,-0.3833868,0.726859,1
r0051,0.0279897,-0.7129012,-0.7918247,0.6358578,0
r0052,0.3077447,0.5477279,0.5873172,-0.5257406,1
r0053,0.7352348,0.6784943,-0.1276708,-0.4595223,0
r0054,-0.1911332,0.8179749,-0.5932447,-0.3682952,1
r0055,0.1377833,-0.8798312,0.3497914,-0.0159365,0
r0056,-0.48136,-0.3948382,0.7860499,0.8815041,1
r0057,-0.5740442,-0.5838959,-0.2744727,0.7516809,1
r0058,-0.5400334,0.2668331,-0.2405268,-0.0888676,0
r0059,0.4431495,0.5641218,0.8789283,-0.0316293,1
r0060,0.2925855,-0.737414,0.7569233,0.5359716,0
r0061,-0.1963148,-0.0279365,0.7037933,0.3854888,1
r0062,0.9022813,0.8598177,0.7156033,-0.0146459,1
r0063,-0.1869636,0.9554582,-0.037045,0.9190209,0
r0064,-0.9393977,-0.0556753,-0.602418,-0.486848,1
r0065,-0.7511757,-0.1177863,-0.8249107,-0.4072546,0
r0066,-0.4800943,-0.3772505,-0.2431569,-0.4734456,1
r0067,0.5536954,-0.9377689,0.0729329,0.0694847,0
r0068,0.4081902,-0.4506352,0.2321627,0.8013335,0
r0069,0.5350113,-0.7848487,-0.2561379,-0.0426002,0
r0070,0.5173209,-0.0140348,0.9570977,-0.9843495,1
r0071,-0.7728376,0.0371668,-0.7022543,-0.2354134,0
r0072,0.9176142,-0.9182404,-0.2165411,-0.7809961,0
r0073,-0.7128165,-0.6061767,0.6176083,-0.9058362,1
r0074,-0.4635989,0.9921401,-0.7875902,-0.8076813,0
r0075,-0.3821009,0.2881509,-0.3943963,-0.3386061,1
r0076,-0.8229584,-0.9937766,-0.0772827,0.7519674,1
r0077,-0.3532508,-0.081547,0.531401,0.7411083,0
r0078,0.2929364,-0.4061848,0.8582045,0.4498326,1
r0079,0.3321847,0.5240273,-0.8580427,-0.3555564,1
r0080,-0.6917155,0.8554391,0.144201,-0.5993001,0
r0081,-0.1611451,-0.8293394,0.6296963,-0.2378214,0
r0082,0.0292371,-0.1724717,0.5259983,-0.4731882,1
r0083,0.0032286,-0.1904174,-0.7412543,0.4709402,0
r0084,0.6621752,0.3155006,-0.0582114,0.5808197,1
r0085,-0.8020789,-0.590023,0.0612151,-0.5836341,1
r0086,0.6250915,0.2352527,-0.6020778,-0.7562624,1
r0087,-0.897735,-0.4768968,0.424076,0.6589238,1
r0088,-0.9083638,0.1192622,0.8967795,-0.9695319,1
r0089,0.9962391,-0.3523401,0.18374,0.6222396,0
r0090,-0.6545863,0.5725881,0.1717999,0.3203384,0
r0091,0.6514371,0.1429408,0.84626,-0.7787539,0
r0092,-0.7248398,0.0149489,0.4371564,0.8351975,0
r0093,-0.9843957,-0.2349127,0.3146106,-0.202178,1
r0094,-0.5947583,0.4254261,0.2130709,0.9052194,0
r0095,-0.0478869,0.9241943,0.3996344,-0.4772689,1
r0096,-0.105529,-0.820784,-0.7895584,-0.0035904,0
r0097,-0.4808193,0.4466172,-0.4845401,-0.0980598,0
r0098,-0.984076,0.6083049,-0.4646219,-0.6765203,0
r0099,-0.573621,-0.9353992,-0.7725621,-0.9194417,1
r0100,-0.3471188,-0.5803589,-0.6500491,0.6901422,1
r0101,0.2135093,-0.9808413,0.8464516,-0.9352482,1
r0102,0.3074439,-0.1781287,-0.3296305,0.0824266,0
r0103,0.6856093,-0.8865309,-0.8216901,0.2490319,0
r0104,0.160079,-0.2344296,-0.9316949,0.6475041,0
r0105,-0.3328208,0.4870176,0.8280377,0.7128982,1
r0106,-0.3608479,-0.5328513,-0.0825582,0.6557189,1
r0107,0.2500691,0.4121779,-0.5681662,0.1337075,0
r0108,0.7611224,-0.3804748,0.0887371,0.2648366,0
r0109,0.5742517,0.4951704,-0.7336006,0.9308073,0
r0110,0.4630627,-0.3924928,-0.7988959,-0.2750566,1
r0111,-0.5775756,0.9337468,0.6241701,-0.2598313,0
r0112,0.1970128,-0.3647145,-0.7303937,-0.1175806,0
r0113,0.9209091,0.2158065,0.6031695,-0.1627922,1
r0114,0.6198904,0.8054108,-0.6134146,0.0493755,0
r0115,0.1632364,-0.0546464,0.1822255,0.0640762,1
r0116,-0.7185808,-0.3575523,0.5605034,-0.4476972,1
r0117,0.6775657,-0.4725281,-0.0950364,0.5968184,1
r0118,0.5399819,-0.1865839,0.3498676,-0.9821832,0
r0119,-0.8855743,-0.4316445,0.2275309,0.2678526,1
r0120,-0.4843264,-0.270242,-0.3963213,-0.5446255,1
r0121,-0.0066073,0.5042579,0.6446376,-0.2119965,1
r0122,-0.3061034,0.6695525,0.6281187,0.5059737,0
r0123,0.207886,0.7620979,-0.4537825,0.0127062,1
r0124,0.0661478,-0.8802804,-0.4854668,0.2632793,0
r0125,0.403638,0.4667427,0.1058997,-0.7348618,1
r0126,0.8446167,-0.3704592,-0.8203339,0.5374417,0
r0127,-0.6013256,0.0259943,0.8292826,0.1237424,1
r0128,-0.9827928,-0.1560354,-0.4732532,0.9265649,1
r0129,0.954735,0.8268763,-0.4397503,0.2708371,1
r0130,0.0647954,0.0824579,-0.5649915,-0.6896712,1
r0131,0.3797148,-0.666486,0.7287647,0.2971174,0
r0132,0.7896467,-0.81563,-0.5946248,0.5891079,0
r0133,0.8149158,-0.0152397,-0.9998592,0.8604394,0
r0134,-0.0958083,0.429583,0.3657909,-0.7969332,1
r0135,-0.0161139,0.3884033,-0.9905784,-0.1825543,0
r0136,0.8535654,-0.9408336,-0.9494247,-0.3497705,0
r0137,-0.6138169,0.3647686,0.5754955,0.1911453,0
r0138,0.4897086,-0.7616005,-0.4644805,0.7291252,0
r0139,-0.4839111,-0.7274399,0.0674602,0.856209,0
r0140,0.0271494,0.7870488,-0.8256551,-0.0319346,0
r0141,0.1007118,0.8838933,0.8738091,-0.3358999,1
r0142,0.0265514,0.8861993,-0.5167907,-0.4550991,0
r0143,0.8766993,-0.4060571,-0.6132687,-0.1970873,0
r0144,-0.5546387,0.5488077,-0.609747,0.0561317,0
r0145,0.7671898,0.9507849,-0.0701247,-0.2009716,1
r0146,0.2549034,-0.6776181,-0.922294,-0.4696505,0
r0147,-0.3117023,-0.6738972,0.1017045,0.9222599,1
r0148,-0.5068843,-0.6139411,0.3656217,0.719201,0
r0149,0.0318835,-0.3718253,0.9267985,0.8932581,1
r0150,0.9167934,-0.7118775,-0.4988636,0.8766551,0
r0151,0.9090043,0.1563194,0.2603318,0.8392917,1
r0152,-0.3520595,-0.1588465,-0.298966,-0.5229311,0
r0153,0.4070084,-0.1371353,-0.8890068,0.6259862,0
r0154,0.8339665,0.1496067,-0.3171147,0.5951421,1
r0155,0.1579168,0.2047071,-0.2619499,-0.442399,1
r0156,-0.1305091,0.0199393,-0.6517487,0.8652305,0
r0157,-0.3508442,-0.7330566,-0.8420234,0.2622915,1
r0158,-0.1411222,0.5690872,-0.5039895,-0.3437143,0
r0159,-0.9566146,-0.9857291,0.7745395,-0.7144802,0
r0160,0.2964447,-0.3440101,0.0800683,-0.9386313,1
r0161,-0.0400889,0.9075837,-0.6508917,-0.7126519,0
r0162,0.5074684,0.0264135,0.456284,-0.327838,1
r0163,-0.3494916,-0.4414397,0.1443065,0.5031723,1
r0164,0.3245922,-0.6187647,0.4207179,-0.5061842,1
r0165,-0.1490346,0.988227,-0.1889472,0.3578523,0
r0166,0.2716384,-0.657583,0.3068981,0.360185,0
r0167,-0.7583485,-0.8846023,0.3917782,0.8330257,0
r0168,-0.1797613,0.5853141,0.7087336,0.5364274,0
r0169,-0.2966293,-0.8877935,-0.2258987,0.4889866,1
r0170,0.9452069,-0.4783813,-0.0153337,0.0904462,0
r0171,0.4266318,0.0166762,0.6151388,0.161406,1
r0172,0.6796603,0.7779542,0.8841156,0.3061478,1
r0173,-0.640381,-0.5102992,-0.0072516,0.5188154,1
r0174,-0.8953444,-0.4252361,0.0907886,-0.6460264,1
r0175,-0.386812,-0.7744022,0.8288243,-0.0795663,1
r0176,-0.8144754,0.0501882,0.8747098,-0.369549,1
r0177,0.7233953,0.292921,0.5500991,-0.9954642,1
r0178,0.9774453,-0.2312402,0.6194696,-0.7513501,0
r0179,0.8407302,-0.5559862,-0.2406184,-0.3643316,1
r0180,0.8081367,-0.8324513,0.9026179,-0.3223969,0
r0181,-0.3201793,-0.4142542,0.1975363,0.8628023,1
r0182,-0.5833761,0.2337181,0.3556673,0.965185,0
r0183,0.812825,-0.0777202,0.9821136,0.1059943,1
r0184,0.4321689,0.8400094,-0.7073319,-0.2433172,1
r0185,0.841276,0.8251731,-0.5029429,0.2893614,1
r0186,0.1405425,-0.8937203,-0.1606323,0.8177892,0
r0187,0.8820034,0.5343471,-0.2054722,-0.5388213,1
r0188,0.7437046,0.2312969,0.6534394,-0.1599615,1
r0189,-0.34713,-0.6776633,-0.0802895,-0.594041,1
r0190,-0.3010178,-0.653907,-0.3876641,0.7883759,1
r0191,0.735365,-0.5627209,-0.0816935,0.338887,0
r0192,-0.2203117,0.5357821,0.911648,-0.7044136,1
r0193,-0.0082229,-0.1290233,0.7558221,-0.9695905,1
r0194,0.6659297,-0.2492189,0.5074233,0.5490211,0
r0195,-0.747697,-0.5463902,0.8817757,-0.2873665,1
r0196,-0.8308503,0.6006069,-0.454397,0.3262809,0
r0197,0.4645044,0.401819,0.9697763,-0.5964663,1
r0198,0.7871128,0.2626766,-0.7991395,-0.7979509,1
r0199,-0.7294474,-0.8506263,-0.0938641,-0.4212961,1
